{
  "color-primary-100": "#FFF8DF",
  "color-primary-200": "#FFF0C0",
  "color-primary-300": "#FFE5A0",
  "color-primary-400": "#FFDB89",
  "color-primary-500": "#FFCA62",
  "color-primary-600": "#DBA447",
  "color-primary-700": "#B78131",
  "color-primary-800": "#93601F",
  "color-primary-900": "#7A4912",
  "color-primary-transparent-100": "rgba(255, 202, 98, 0.08)",
  "color-primary-transparent-200": "rgba(255, 202, 98, 0.16)",
  "color-primary-transparent-300": "rgba(255, 202, 98, 0.24)",
  "color-primary-transparent-400": "rgba(255, 202, 98, 0.32)",
  "color-primary-transparent-500": "rgba(255, 202, 98, 0.4)",
  "color-primary-transparent-600": "rgba(255, 202, 98, 0.48)",
  "color-success-100": "#CCFAD4",
  "color-success-200": "#9CF6B4",
  "color-success-300": "#67E696",
  "color-success-400": "#3FCD82",
  "color-success-500": "#0EAD69",
  "color-success-600": "#0A9467",
  "color-success-700": "#077C61",
  "color-success-800": "#046458",
  "color-success-900": "#025350",
  "color-success-transparent-100": "rgba(14, 173, 105, 0.08)",
  "color-success-transparent-200": "rgba(14, 173, 105, 0.16)",
  "color-success-transparent-300": "rgba(14, 173, 105, 0.24)",
  "color-success-transparent-400": "rgba(14, 173, 105, 0.32)",
  "color-success-transparent-500": "rgba(14, 173, 105, 0.4)",
  "color-success-transparent-600": "rgba(14, 173, 105, 0.48)",
  "color-info-100": "#D3E9FF",
  "color-info-200": "#A7D1FF",
  "color-info-300": "#7CB5FF",
  "color-info-400": "#5B9CFF",
  "color-info-500": "#2574FF",
  "color-info-600": "#1B59DB",
  "color-info-700": "#1242B7",
  "color-info-800": "#0B2D93",
  "color-info-900": "#071F7A",
  "color-info-transparent-100": "rgba(37, 116, 255, 0.08)",
  "color-info-transparent-200": "rgba(37, 116, 255, 0.16)",
  "color-info-transparent-300": "rgba(37, 116, 255, 0.24)",
  "color-info-transparent-400": "rgba(37, 116, 255, 0.32)",
  "color-info-transparent-500": "rgba(37, 116, 255, 0.4)",
  "color-info-transparent-600": "rgba(37, 116, 255, 0.48)",
  "color-warning-100": "#FEF2E2",
  "color-warning-200": "#FEE1C5",
  "color-warning-300": "#FECDA9",
  "color-warning-400": "#FEB993",
  "color-warning-500": "#FE9870",
  "color-warning-600": "#DA6F51",
  "color-warning-700": "#B64A38",
  "color-warning-800": "#932C23",
  "color-warning-900": "#791615",
  "color-warning-transparent-100": "rgba(254, 152, 112, 0.08)",
  "color-warning-transparent-200": "rgba(254, 152, 112, 0.16)",
  "color-warning-transparent-300": "rgba(254, 152, 112, 0.24)",
  "color-warning-transparent-400": "rgba(254, 152, 112, 0.32)",
  "color-warning-transparent-500": "rgba(254, 152, 112, 0.4)",
  "color-warning-transparent-600": "rgba(254, 152, 112, 0.48)",
  "color-danger-100": "#FEDFD9",
  "color-danger-200": "#FEB8B3",
  "color-danger-300": "#FD8C8F",
  "color-danger-400": "#FB7081",
  "color-danger-500": "#FA4169",
  "color-danger-600": "#D72F63",
  "color-danger-700": "#B3205C",
  "color-danger-800": "#901453",
  "color-danger-900": "#770C4C",
  "color-danger-transparent-100": "rgba(250, 65, 105, 0.08)",
  "color-danger-transparent-200": "rgba(250, 65, 105, 0.16)",
  "color-danger-transparent-300": "rgba(250, 65, 105, 0.24)",
  "color-danger-transparent-400": "rgba(250, 65, 105, 0.32)",
  "color-danger-transparent-500": "rgba(250, 65, 105, 0.4)",
  "color-danger-transparent-600": "rgba(250, 65, 105, 0.48)",
  "color-basic-100": "#ffffff",
  "color-basic-200": "#F9F9F9",
  "color-basic-300": "#F0F0F0",
  "color-basic-400": "#E0E0E0",
  "color-basic-500": "#E6E6E6",
  "color-basic-600": "#787979",
  "color-basic-700": "#313133",
  "color-basic-800": "#212122",
  "color-basic-900": "#1B1B1C",
  "color-basic-1000": "#141415",
  "color-basic-1100": "#1E1F20",
  "color-basic-1200": "#646BD9",
  "color-basic-1300": "#616262",
  "color-basic-1400": "#353B48",
  "color-basic-1500": "#7D8699",
  "color-basic-1600": "#C6C6C6",
  "color-basic-1700": "#484849"
}
