{
  "background-basic-color-1": "$color-basic-200",
  "background-basic-color-2": "$color-basic-200",
  "background-basic-color-3": "$color-basic-1100",
  "background-basic-color-4": "$color-basic-1100",
  "background-basic-color-5": "$color-basic-100",
  "background-basic-color-6": "$color-basic-1100",
  "background-basic-color-7": "$color-basic-100",
  "text-basic-color": "$color-basic-1100",
  "text-body-color": "$color-basic-600",
  "text-white-color": "$color-basic-100",
  "text-black-color": "$color-basic-1100",
  "text-note-color": "$color-basic-400",
  "icon-basic-color": "$color-basic-1100",
  "icon-primary-color": "$color-basic-1100",
  "icon-face-id-color": "$color-basic-100",
  "button-background-disable-color": "$color-basic-300",
  "button-text-disable-color": "$color-basic-400",
  "background-text-input-color": "$color-basic-100",
  "text-input-color": "$color-basic-1100",
  "border-text-input-focused-color": "$color-basic-1100",
  "placeholder-text-input-color": "$color-basic-400",
  "button-basic-background-color": "$color-basic-300",
  "button-basic-background-focused-color": "$color-basic-600",
  "background-check-box-color": "$color-basic-1100",
  "background-modal-color": "$color-basic-100",
  "icon-check-box-color": "$color-basic-100",
  "icon-eye-color": "$color-basic-400",
  "dot-basic-color-1": "$color-basic-1100",
  "dot-basic-color-2": "$color-basic-400",
  "icon-active-bottom-tab-color": "$color-basic-1100",
  "background-icon-button": "$color-basic-400",
  "toggle-button-color": "$color-basic-200",
  "toggle-thump-color": "$color-basic-100",
  "background-bill-payer-color": "$color-basic-1100",
  "background-active-color": "$color-basic-100",
  "background-line-color": "$color-basic-300"
}
